# sourcePath	r2Key	contentType
src/assets/drbi/arts.webp	drbi.org/site/drbi/arts.webp	image/webp
src/assets/drbi/cemetery.webp	drbi.org/site/drbi/cemetery.webp	image/webp
src/assets/drbi/study.webp	drbi.org/site/drbi/study.webp	image/webp
src/assets/drbi/soil.webp	drbi.org/site/drbi/soil.webp	image/webp
src/assets/drbi/kure.webp	drbi.org/site/drbi/kure.webp	image/webp
src/assets/drbi/memories.webp	drbi.org/site/drbi/memories.webp	image/webp
src/assets/drbi/contribute.webp	drbi.org/site/drbi/contribute.webp	image/webp
src/assets/drbi/events.webp	drbi.org/site/drbi/events.webp	image/webp
src/assets/drbi/faith.webp	drbi.org/site/drbi/faith.webp	image/webp
src/assets/drbi/news.webp	drbi.org/site/drbi/news.webp	image/webp
src/assets/faq.jpg	drbi.org/site/misc/faq.jpg	image/jpeg
src/assets/q.png	drbi.org/site/misc/q.png	image/png
src/assets/people/rasmussen.webp	drbi.org/site/people/rasmussen.webp	image/webp
src/assets/people/viva.webp	drbi.org/site/people/viva.webp	image/webp
src/assets/people/bonnie.webp	drbi.org/site/people/bonnie.webp	image/webp
src/assets/people/lamont.webp	drbi.org/site/people/lamont.webp	image/webp
src/assets/people/gayle.webp	drbi.org/site/people/gayle.webp	image/webp
src/assets/people/rob-prater.webp	drbi.org/site/people/rob-prater.webp	image/webp
src/assets/people/john-hanke.webp	drbi.org/site/people/john-hanke.webp	image/webp
src/assets/people/bettie-johnston.webp	drbi.org/site/people/bettie-johnston.webp	image/webp
src/assets/people/Roman-Orona.webp	drbi.org/site/people/roman-orona.webp	image/webp
src/assets/people/Melody-Mel.webp	drbi.org/site/people/melody-mel.webp	image/webp
src/assets/people/Rick-Rock.webp	drbi.org/site/people/rick-rock.webp	image/webp
src/assets/people/Helena-Esaloma.webp	drbi.org/site/people/helena-esaloma.webp	image/webp
src/assets/people/Chris-Ruhe.webp	drbi.org/site/people/chris-ruhe.webp	image/webp
src/pages/history/_casas.webp	drbi.org/site/history/casas.webp	image/webp
src/pages/history/_hall.webp	drbi.org/site/history/hall.webp	image/webp
src/pages/history/_pavilion.webp	drbi.org/site/history/pavilion.webp	image/webp
src/pages/history/_Round-House.webp	drbi.org/site/history/round-house.webp	image/webp
src/pages/history/_guest_house.webp	drbi.org/site/history/guest-house.webp	image/webp
src/pages/history/_farm.webp	drbi.org/site/history/farm.webp	image/webp
src/pages/history/_bill_and_mar.webp	drbi.org/site/history/bill-and-mar.webp	image/webp
src/pages/history/_David-Hadden.webp	drbi.org/site/history/david-hadden.webp	image/webp
src/pages/history/_marguerite.webp	drbi.org/site/history/marguerite.webp	image/webp
src/pages/history/_alai.webp	drbi.org/site/history/alai.webp	image/webp
src/pages/history/_admin_bldg.webp	drbi.org/site/history/admin-bldg.webp	image/webp
src/pages/history/_art_gallery.webp	drbi.org/site/history/art-gallery.webp	image/webp
src/pages/history/_kure_lp.webp	drbi.org/site/history/kure-lp.webp	image/webp
src/pages/agriculture/_agr1.webp	drbi.org/site/agriculture/agr1.webp	image/webp
src/pages/agriculture/_agr2.webp	drbi.org/site/agriculture/agr2.webp	image/webp
src/pages/memorial/_gravesites.jpg	drbi.org/site/heroes/cemetery-gravesites.jpg	image/jpeg
src/pages/memorial/_memorial-garden-front.jpg	drbi.org/site/heroes/memorial-garden-front.jpg	image/jpeg
src/pages/_about_us.webp	drbi.org/site/heroes/about-us.webp	image/webp
public/drbi-landscape.webp	drbi.org/site/misc/drbi-landscape.webp	image/webp
public/assets/logo.webp	drbi.org/site/misc/amazon-logo.webp	image/webp
